<?xml version="1.0" encoding="UTF-8"?><TaskList Version="2.0"><Task ConnectorKind="local" RepositoryUrl="local" TaskId="1" Handle="local-1" Label="all ingots" Priority="P3" Kind="task" IssueURL="" Notes="" Estimated="0" EndDate="2020-04-30 13:55:07.161 -0400" CreationDate="2020-04-30 13:54:42.755 -0400" ModificationDate="" DueDate="" Owner="local" Active="false" ScheduledStartDate="2020-04-26 00:00:00.0 -0400" ScheduledEndDate="2020-05-02 23:59:59.999 -0400" Reminded="false" MarkReadPending="false" NotifiedIncoming="true" offlineSyncState="SYNCHRONIZED"/><Task ConnectorKind="local" RepositoryUrl="local" TaskId="2" Handle="local-2" Label="craft " Priority="P3" Kind="task" IssueURL="" Notes="craft du samarium qui nessesite:&#13;&#10;3 prometium&#13;&#10;3 samarium chunk &#13;&#10;&#13;&#10;Quarium block:&#13;&#10;9 quarium ingot&#13;&#10;&#13;&#10;&#9;&#13;&#10;Quarium block&#13;&#10;&#13;&#10;Cuprite block&#13;&#10;&#13;&#10;samarium block&#13;&#10;&#13;&#10;rutherium block&#13;&#10;&#13;&#10;erbium block&#13;&#10;&#13;&#10;prometium block" Estimated="0" EndDate="" CreationDate="2020-04-30 13:56:23.868 -0400" ModificationDate="" DueDate="" Owner="local" Active="false" ScheduledStartDate="2020-04-26 00:00:00.0 -0400" ScheduledEndDate="2020-05-02 23:59:59.999 -0400" Reminded="false" MarkReadPending="false" NotifiedIncoming="true" offlineSyncState="SYNCHRONIZED"/><TaskCategory Handle="handle-3" Name="blocks"/><TaskCategory Handle="handle-2" Name="items"><TaskReference Handle="local-1"/></TaskCategory><TaskCategory Handle="handle-1" Name="crafts"><TaskReference Handle="local-2"/></TaskCategory><TaskCategory Handle="Uncategorized" Name="Uncategorized"/></TaskList>